{"cameraMode":{"drawMode":0,"name":"Shaded","section":"Shading Mode"},"sceneLighting":false,"audioPlay":false,"sceneViewState":{"showFog":true,"showMaterialUpdate":false,"showSkybox":false,"showFlares":true,"showImageEffects":true,"showParticleSystems":true},"in2DMode":false,"pivot":{"x":0.05993318557739258,"y":1.119267463684082,"z":-0.08716392517089844},"rotation":{"x":-0.0029564709402620794,"y":0.9404262900352478,"z":-0.3398864269256592,"w":-0.008180046454071999},"size":7.592959403991699,"orthographic":false}