{"cameraMode":{"drawMode":0,"name":"Shaded","section":"Shading Mode"},"sceneLighting":false,"audioPlay":false,"sceneViewState":{"showFog":true,"showMaterialUpdate":false,"showSkybox":false,"showFlares":true,"showImageEffects":true,"showParticleSystems":true},"in2DMode":false,"pivot":{"x":0.0599331259727478,"y":-0.05953812599182129,"z":-0.30423101782798769},"rotation":{"x":0.04616374894976616,"y":0.8665584921836853,"z":-0.08160892874002457,"w":0.49018898606300356},"size":2.752166748046875,"orthographic":false}