{"cameraMode":{"drawMode":0,"name":"Shaded","section":"Shading Mode"},"sceneLighting":false,"audioPlay":false,"sceneViewState":{"showFog":true,"showMaterialUpdate":false,"showSkybox":false,"showFlares":true,"showImageEffects":true,"showParticleSystems":true},"in2DMode":false,"pivot":{"x":-0.4159500002861023,"y":-0.11409783363342285,"z":0.5571815371513367},"rotation":{"x":0.04188673198223114,"y":-0.6263323426246643,"z":0.03373802825808525,"w":0.7776985764503479},"size":5.2445502281188969,"orthographic":false}